id_noticia,fuente,url,categoria_busqueda
N001,Meganoticias,https://www.meganoticias.cl/nacional/532219-lapicera-lapiz-arma-de-fuego-foto-hallazgo-pdi-detencion-banda-criminal-22-09-2026.html,crimen_organizado
N002,LaTercera,https://www.latercera.com/nacional/noticia/liderada-por-menores-y-coordinados-por-telegram-fiscalia-supraterritorial-desarticula-banda-que-traficaba-armas-en-12-regiones/,crimen_organizado
N003,elmostrador,https://www.elmostrador.cl/noticias/pais/2026/07/15/desarticulan-la-mayor-red-de-trafico-de-armas-del-pais-mas-de-40-detenidos-y-50-armas-incautadas/,crimen_organizado
N004,El dia,https://www.diarioeldia.cl/noticias/2026/07/15/144853-mas-de-40-detenidos-desbaratan-la-mayor-banda-de-trafico-de-armas,crimen_organizado
N005,fiscaliadechile,https://www.fiscaliadechile.cl/actualidad/noticias/la-serena-caso-de-fraude-al-fisco-y-lavado-de-activos-es-acreditado-por-la,corrupcion
N006,LaTercera,https://www.latercera.com/nacional/noticia/fraude-por-760-millones-en-corporacion-municipal-de-la-serena-exfuncionarias-son-condenadas/,corrupcion
N007,t13,https://www.t13.cl/noticia/nacional/condenan-ocho-anos-carcel-funcionarias-serena-por-fraude-al-fisco-760-millones-11-7-2026,corrupcion
N008,THE CLINIC,https://www.theclinic.cl/2026/07/11/fraude-al-fisco-por-mas-de-760-millones-en-la-corporacion-municipal-de-la-serena-exfuncionarias-fueron-condenadas-a-8-anos-de-carcel/,corrupcion
N009,24 Horas,https://www.24horas.cl/regiones/zona-norte/coquimbo/condenan-prision-funcionarias-municipales-la-serena-fraude,corrupcion
N010,Aduanas,https://www.aduana.cl/historica-incautacion-de-mas-de-mil-toneladas-de-carga-contaminada-con/aduana/2026-06-08/125716.html,narcotrafico